{
  "selected_model": "LightGBM",
  "model_comparison": [
    {
      "model": "LightGBM",
      "cv_roc_auc": 0.8158863548657832,
      "best_params": {
        "model__subsample": 0.7,
        "model__reg_lambda": 0.1,
        "model__reg_alpha": 0.1,
        "model__num_leaves": 15,
        "model__n_estimators": 100,
        "model__min_child_samples": 30,
        "model__learning_rate": 0.05,
        "model__colsample_bytree": 0.7
      }
    },
    {
      "model": "RandomForest",
      "cv_roc_auc": 0.8038554122577632,
      "best_params": {
        "model__n_estimators": 500,
        "model__min_samples_leaf": 5,
        "model__max_features": "log2",
        "model__max_depth": 6
      }
    }
  ],
  "test_metrics": {
    "accuracy": 0.8129251700680272,
    "roc_auc": 0.7836161598759583,
    "report": {
      "Kalıyor": {
        "precision": 0.9067796610169492,
        "recall": 0.8663967611336032,
        "f1-score": 0.8861283643892339,
        "support": 247.0
      },
      "Ayrılıyor": {
        "precision": 0.43103448275862066,
        "recall": 0.5319148936170213,
        "f1-score": 0.47619047619047616,
        "support": 47.0
      },
      "accuracy": 0.8129251700680272,
      "macro avg": {
        "precision": 0.668907071887785,
        "recall": 0.6991558273753122,
        "f1-score": 0.681159420289855,
        "support": 294.0
      },
      "weighted avg": {
        "precision": 0.8307251597307538,
        "recall": 0.8129251700680272,
        "f1-score": 0.8205940761397726,
        "support": 294.0
      }
    }
  },
  "confusion_matrix": [
    [
      214,
      33
    ],
    [
      22,
      25
    ]
  ],
  "roc_curve": {
    "fpr": [
      0.0,
      0.0,
      0.0,
      0.008097165991902834,
      0.008097165991902834,
      0.012145748987854251,
      0.012145748987854251,
      0.024291497975708502,
      0.024291497975708502,
      0.02834008097165992,
      0.02834008097165992,
      0.048582995951417005,
      0.048582995951417005,
      0.05668016194331984,
      0.05668016194331984,
      0.06072874493927125,
      0.06072874493927125,
      0.06477732793522267,
      0.06477732793522267,
      0.07692307692307693,
      0.07692307692307693,
      0.08097165991902834,
      0.08097165991902834,
      0.08502024291497975,
      0.08502024291497975,
      0.10121457489878542,
      0.10121457489878542,
      0.10526315789473684,
      0.10526315789473684,
      0.145748987854251,
      0.145748987854251,
      0.14979757085020243,
      0.14979757085020243,
      0.15789473684210525,
      0.15789473684210525,
      0.20242914979757085,
      0.20242914979757085,
      0.21052631578947367,
      0.21052631578947367,
      0.2631578947368421,
      0.2631578947368421,
      0.2874493927125506,
      0.2874493927125506,
      0.29554655870445345,
      0.29554655870445345,
      0.3157894736842105,
      0.3157894736842105,
      0.3319838056680162,
      0.3319838056680162,
      0.39271255060728744,
      0.39271255060728744,
      0.44129554655870445,
      0.44129554655870445,
      0.4979757085020243,
      0.4979757085020243,
      0.5425101214574899,
      0.5425101214574899,
      0.6194331983805668,
      0.6194331983805668,
      0.6639676113360324,
      0.6639676113360324,
      0.728744939271255,
      0.728744939271255,
      0.8502024291497976,
      0.8502024291497976,
      0.8987854251012146,
      0.8987854251012146,
      1.0
    ],
    "tpr": [
      0.0,
      0.02127659574468085,
      0.0851063829787234,
      0.0851063829787234,
      0.10638297872340426,
      0.10638297872340426,
      0.19148936170212766,
      0.19148936170212766,
      0.2553191489361702,
      0.2553191489361702,
      0.2978723404255319,
      0.2978723404255319,
      0.3191489361702128,
      0.3191489361702128,
      0.3617021276595745,
      0.3617021276595745,
      0.40425531914893614,
      0.40425531914893614,
      0.425531914893617,
      0.425531914893617,
      0.44680851063829785,
      0.44680851063829785,
      0.46808510638297873,
      0.46808510638297873,
      0.48936170212765956,
      0.48936170212765956,
      0.5106382978723404,
      0.5106382978723404,
      0.5319148936170213,
      0.5319148936170213,
      0.574468085106383,
      0.574468085106383,
      0.5957446808510638,
      0.5957446808510638,
      0.6170212765957447,
      0.6170212765957447,
      0.6382978723404256,
      0.6382978723404256,
      0.6595744680851063,
      0.6595744680851063,
      0.6808510638297872,
      0.6808510638297872,
      0.7021276595744681,
      0.7021276595744681,
      0.723404255319149,
      0.723404255319149,
      0.7659574468085106,
      0.7659574468085106,
      0.7872340425531915,
      0.7872340425531915,
      0.8085106382978723,
      0.8085106382978723,
      0.8297872340425532,
      0.8297872340425532,
      0.851063829787234,
      0.851063829787234,
      0.8723404255319149,
      0.8723404255319149,
      0.8936170212765957,
      0.8936170212765957,
      0.9148936170212766,
      0.9148936170212766,
      0.9574468085106383,
      0.9574468085106383,
      0.9787234042553191,
      0.9787234042553191,
      1.0,
      1.0
    ]
  },
  "learning_curve": {
    "train_sizes": [
      94,
      305,
      517,
      728,
      940
    ],
    "train_scores_mean": [
      0.9341100878194375,
      0.9991080471446712,
      0.9998374022330365,
      0.9990167287600615,
      0.9982817926796688
    ],
    "test_scores_mean": [
      0.5219497270325484,
      0.7611470030251757,
      0.7786243411944721,
      0.8048642988797944,
      0.8178099455684279
    ]
  },
  "calibration_curve": {
    "prob_true": [
      0.04819277108433735,
      0.07575757575757576,
      0.13043478260869565,
      0.10344827586206896,
      0.3333333333333333,
      0.2631578947368421,
      0.4,
      0.5333333333333333,
      0.4,
      1.0
    ],
    "prob_pred": [
      0.05654671678852481,
      0.1470803086815383,
      0.2495078077538987,
      0.34644080624150464,
      0.43247345325076686,
      0.5647055907976793,
      0.631619315438284,
      0.7422391653414395,
      0.8716008437682937,
      0.9320324421877941
    ]
  }
}